Seed,Activation,Hidden Neurons,Learning Time (seconds),Counter-Example Generation Time (seconds),SOS Verification Time (seconds),SOS Passed Count
2382,SKIP,5,1.9709625010000011,0.33786683300000053,0.4109458329999993,1
2382,SKIP,10,1.734723626,0.45193375000000113,0.46515137600000145,1
2382,SKIP,20,0.5531724989999978,0.19903849899999848,0.22164287400000227,1
2382,SKIP,50,0.8009502499999979,0.007683832999999751,0.11550058400000118,1
2382,SKIP,100,35.31273925099999,1.2904849170000094,1.0084486219999906,1
2382,MUL,5,1.9224862490000092,0.3153281670000041,0.3494263760000109,1
2382,MUL,10,1.739258501000009,0.4832281239999858,0.36787541900000775,1
2382,MUL,20,0.5667852910000164,0.1997812500000009,0.14902750000000253,1
2382,MUL,50,0.7720443329999966,0.007544249999995145,0.09321029199999487,1
2382,MUL,100,35.33090566699998,1.1923439569999914,0.8003980829999904,1
2382,SQUARE,5,3.2179775029999718,0.9516810829999827,0.6665605839999813,1
2382,SQUARE,10,3.3836711640000487,0.917723580000029,0.8637468299999966,1
2382,SQUARE,20,0.4175495000000069,0.11052220800000612,0.17413937499999577,1
2382,SQUARE,50,3.312934914999971,0.8283650410000263,0.731567124999998,1
2382,SQUARE,100,3.678814125000031,0.4845303749999914,0.46153258300000743,1
9875,SKIP,5,0.6422705010000129,0.09588425100000109,0.14045983200000478,1
9875,SKIP,10,2.052806873999941,0.5132752900000241,0.37859741799999824,1
9875,SKIP,20,0.35340837399999714,0.013551874000000907,0.17240787500003307,1
9875,SKIP,50,1.0182223329999829,0.36565645700000005,0.3465572920000284,1
9875,SKIP,100,43.97884433399997,1.5048683340000366,1.2147571630000868,0
9875,MUL,5,0.6268749179999986,0.09556449899997688,0.1119088330000011,1
9875,MUL,10,2.005212667999956,0.44247762300000204,0.2929487500000221,1
9875,MUL,20,0.35307287499998097,0.014132833999980221,0.11749720899999261,1
9875,MUL,50,0.9975684169999681,0.38930912500001114,0.2535835400000508,1
9875,MUL,100,43.18057216500006,1.646310585000009,0.9065585420000559,0
9875,SQUARE,5,0.5062849160001406,0.014655541999957222,0.14758245799998804,1
9875,SQUARE,10,0.2314532500000155,0.0,0.04663095899996961,1
9875,SQUARE,20,0.37727237399997193,0.21436308300002338,0.28212295800005904,1
9875,SQUARE,50,4.953956042000186,0.9169132899999681,0.800283585000102,1
9875,SQUARE,100,9.494964583000012,0.7912523740000097,0.4973770819999572,1
3373,SKIP,5,0.23097291699997413,0.0,0.04700758399997085,1
3373,SKIP,10,0.5298544579999884,0.0962487500000293,0.09167770800002017,1
3373,SKIP,20,0.4422719190001203,0.14576399999998557,0.2908268329998691,1
3373,SKIP,50,0.3078259170000024,0.0,0.05799920800001246,1
3373,SKIP,100,5.552107207999995,0.4301560000000677,0.39004745799985585,1
3373,MUL,5,0.23154608299995516,0.0,0.03843866699997989,1
3373,MUL,10,0.5268547910000052,0.193692666000004,0.07375316600001725,1
3373,MUL,20,0.44773312500007023,0.14148579199996902,0.19050037499999917,1
3373,MUL,50,0.29452154199998404,0.0,0.04426012500005072,1
3373,MUL,100,5.293525084000009,0.2950237499999844,0.3862734580000051,1
3373,SQUARE,5,0.4665522919999603,0.19766391799993244,0.14621237399995834,1
3373,SQUARE,10,0.19396733399997856,0.00635754199998928,0.095868457999984,1
3373,SQUARE,20,0.3232011670000361,0.008322709000026407,0.12278475099998332,1
3373,SQUARE,50,0.9108422499999733,0.07320654199997989,0.28932195800001637,1
3373,SQUARE,100,1.212623457999939,0.10582233399998131,0.22508529099997077,1
5347,SKIP,5,0.38988249999994196,0.1570788750000247,0.1416387930000269,1
5347,SKIP,10,0.386236456000006,0.2059558750000292,0.1859503760000507,1
5347,SKIP,20,0.3051608319999559,0.11860200000000987,0.1733001650000574,1
5347,SKIP,50,4.1872073319999,0.864111831000173,0.8803987500000403,1
5347,SKIP,100,5.406024748999982,0.6195505420001268,0.6805780000000254,1
5347,MUL,5,0.3870347919999517,0.15524883300003012,0.11118933199998082,1
5347,MUL,10,0.3637963340000283,0.11808254200002466,0.14894304200009856,1
5347,MUL,20,0.2885543740000003,0.11712825000000748,0.11124520900000334,1
5347,MUL,50,4.194804709000152,0.9773835010001335,0.6793577949999303,1
5347,MUL,100,5.273416873999963,0.6188567519998855,0.5252696670001455,1
5347,SQUARE,5,0.3337497079999707,0.21904004199996052,0.144003707999957,1
5347,SQUARE,10,0.17702804100002822,0.0,0.04701233299999785,1
5347,SQUARE,20,4.36494121000004,1.40060158,1.0158798750000528,1
5347,SQUARE,50,2.2493169560000297,1.0726098330001719,0.7255193760000793,1
5347,SQUARE,100,9.50609804100003,0.580978499999901,0.6529597499999795,1
1676,SKIP,5,0.20506970699995009,0.09146620799998573,0.09583083300003636,1
1676,SKIP,10,0.968226958999935,0.26097991700004286,0.18603429099999857,1
1676,SKIP,20,7.177911834999918,1.7800146660001133,1.1164044990000548,0
1676,SKIP,50,7.951867334000099,0.5164030009999578,0.7954722059998858,1
1676,SKIP,100,13.149012165999977,0.3127885400000423,0.3972781680000139,1
1676,MUL,5,0.20257774900005643,0.18719229099997392,0.07463099999995393,1
1676,MUL,10,0.9438437079999744,0.2595517909999785,0.14525529300010476,1
1676,MUL,20,7.367774625999857,1.879371959000082,0.8266317480000112,0
1676,MUL,50,8.023781334000034,0.4412562489998777,0.7044301230000087,1
1676,MUL,100,13.076311167999904,0.3073028339999837,0.2890610439999364,1
1676,SQUARE,5,0.7028566660000592,0.1884306250000236,0.14941587599997774,1
1676,SQUARE,10,1.4608144580000726,0.751220751000119,0.3274473350001017,1
1676,SQUARE,20,0.2870200410000052,0.0,0.05896862500003408,1
1676,SQUARE,50,0.45255666699995345,0.21641620799999828,0.16785266600004434,1
1676,SQUARE,100,12.155892332000064,0.966967207999744,0.7326214589999154,1
4494,SKIP,5,0.8900073759999714,0.36011208199988687,0.18531754200000705,1
4494,SKIP,10,0.6310191249998525,0.09996579199992084,0.18399683399991318,1
4494,SKIP,20,1.8321493760000749,0.3544768340001383,0.4306965829998717,1
4494,SKIP,50,0.7932210000000168,0.20065324900008363,0.3025382499999978,1
4494,SKIP,100,0.6944015829999444,0.0,0.06059762500001398,1
4494,MUL,5,0.8835170830000152,0.26924966800004313,0.1488820410000926,1
4494,MUL,10,0.6203992920001156,0.10240024999995967,0.15265633299998171,1
4494,MUL,20,1.4796308339999769,0.44395066799984306,0.2590016670001205,1
4494,MUL,50,0.68602733299997,0.2994563739999876,0.21663862499985953,1
4494,MUL,100,0.6490150419999736,0.0,0.04130220800004736,1
4494,SQUARE,5,0.47113083400006417,0.2251114169999937,0.1446264579999479,1
4494,SQUARE,10,0.39736091699990084,0.4510602090000475,0.23834979200023554,1
4494,SQUARE,20,0.7364662490001592,0.09468870799992146,0.1718324579999262,1
4494,SQUARE,50,0.7623409169999604,0.07354979100000492,0.37462154100001044,1
4494,SQUARE,100,19.5131860839997,1.268997167999828,1.1222989139998845,1
3194,SKIP,5,0.23970649999978377,0.014221375000033731,0.143298874999914,1
3194,SKIP,10,0.5667144159998543,0.11340437600006226,0.2394438330001094,1
3194,SKIP,20,4.425178540000047,1.3445024589999548,0.7241636679999601,1
3194,SKIP,50,0.8432164579999153,0.3937173749999374,0.2894303330000412,1
3194,SKIP,100,31.173795293000126,1.0544548760000225,0.8380201639997722,1
3194,MUL,5,0.23813554200012277,0.01398024999991776,0.11138012499986871,1
3194,MUL,10,0.5511364169999524,0.10983362499996474,0.1846784580000076,1
3194,MUL,20,4.200211252000145,1.3492923740001288,0.4680250440001146,1
3194,MUL,50,0.8146662919999699,0.2963823750000074,0.3146806250001646,1
3194,MUL,100,42.06881958400015,0.904738206999582,0.6676332500001081,1
3194,SQUARE,5,10.801428626000302,1.9270722900000692,1.0039118350000535,0
3194,SQUARE,10,0.17178391699997064,0.0,0.05058558300004279,1
3194,SQUARE,20,0.4678308320001179,0.10018341599993619,0.18242999900007817,1
3194,SQUARE,50,0.8264271679998956,0.24547487500001353,0.3704178760000332,1
3194,SQUARE,100,23.713340709000022,1.4104925420000427,1.0329514990000916,1
9077,SKIP,5,1.6826195000001007,0.9607222489997866,0.3993256270001666,1
9077,SKIP,10,0.18397158300001593,0.0,0.05029174999992847,1
9077,SKIP,20,0.3828854590000219,0.20125229300003866,0.4087336240000923,1
9077,SKIP,50,8.009757252000213,1.0833417500001588,1.0709096659999204,1
9077,SKIP,100,13.444051459000093,0.3440314159998934,0.35694866600010755,1
9077,MUL,5,1.7183465419999493,1.215974416000222,0.3241507909998518,1
9077,MUL,10,0.19628595799997584,0.0,0.04286845799992989,1
9077,MUL,20,0.38525500100001864,0.19892058300001736,0.3108513330000733,1
9077,MUL,50,8.504848956999922,1.1164831680000589,0.7672131640002817,1
9077,MUL,100,12.380067248999922,0.35361328999988473,0.28253408400019,1
9077,SQUARE,5,0.7002665830000296,0.4727450399998361,0.3035549580000634,1
9077,SQUARE,10,0.49742858299998716,0.26981237500012867,0.2119752910000443,1
9077,SQUARE,20,0.5015450839999858,0.09357695799997146,0.12152579200005675,1
9077,SQUARE,50,5.880375167999887,1.087629376999871,0.925751665000007,1
9077,SQUARE,100,15.07402679200004,1.0995576249998749,1.2234829569996464,1
3530,SKIP,5,0.37998337500005164,0.053227124999921216,0.14978895900003408,1
3530,SKIP,10,0.26961241700007577,0.007279541999992034,0.09944508299997779,1
3530,SKIP,20,0.7348480420000669,0.023486708000064027,0.24365058199987288,1
3530,SKIP,50,4.536817374000179,0.5812410000000909,0.43048229199973775,1
3530,SKIP,100,48.58111446000021,1.5588507950001258,1.4503576259999136,0
3530,MUL,5,0.382370334000143,0.0518315840000696,0.11720224999999118,1
3530,MUL,10,0.26766974999998183,0.006495957999959501,0.07752387600010024,1
3530,MUL,20,0.7162520009999298,0.02272316700009469,0.1551026259998025,1
3530,MUL,50,4.426451000000043,0.599461539999993,0.31535087399993245,1
3530,MUL,100,49.22787037600028,1.6937884589998475,1.0503150440000582,0
3530,SQUARE,5,1.0371894579999434,0.34030270799985374,0.20302762599988,1
3530,SQUARE,10,0.35639608200006023,0.014167166999982328,0.14806899999996403,1
3530,SQUARE,20,0.36504566700000396,0.2390947920000599,0.18390100000010534,1
3530,SQUARE,50,2.4559884569999895,0.5367807519999133,0.6138997949999521,1
3530,SQUARE,100,2.5567089149999447,0.2258967919999577,0.3076447080001117,1
5887,SKIP,5,0.31038891700006843,0.006865291999929468,0.09766554100008307,1
5887,SKIP,10,2.234640040000045,0.4174949989999277,0.45108037699981196,1
5887,SKIP,20,6.470939960000237,1.6299947940003676,1.19067162500005,0
5887,SKIP,50,10.107972792000737,0.8456730410000546,0.744344502000331,1
5887,SKIP,100,45.358915748999834,1.0099888330005342,1.1435199969998848,1
5887,MUL,5,0.3025562919999629,0.006632416999991619,0.07887025000013637,1
5887,MUL,10,2.3090340430001106,0.4151071639998918,0.35850604300003397,1
5887,MUL,20,6.141217289000451,1.3692942919994948,0.9180904159998136,0
5887,MUL,50,9.64284741599954,0.8471970419991521,0.5348827889997665,1
5887,MUL,100,45.684400541999366,1.2357653329997902,0.8815274160001536,1
5887,SQUARE,5,0.7427545000000464,0.14518841699987206,0.15395995800008677,1
5887,SQUARE,10,0.3398351239998192,0.007779750000054264,0.10263224999994236,1
5887,SQUARE,20,1.089311582999926,0.3515561269996397,0.4133552509997571,1
5887,SQUARE,50,7.431544248999671,1.0481277099995623,0.9834581269997216,1
5887,SQUARE,100,8.384679957999879,0.42559108299997206,0.31120620700016843,1
5488,SKIP,5,1.9339640830000917,1.1718630819998452,0.44322354299993094,1
5488,SKIP,10,0.3076553339999464,0.007192917000111265,0.10176024900010816,1
5488,SKIP,20,0.556013498999846,0.52209100100049,0.4806167929998537,1
5488,SKIP,50,1.3629131249999773,0.11296020800000406,0.18710816699990573,1
5488,SKIP,100,10.621533834000275,0.3208977499998582,0.42762441599984413,1
5488,MUL,5,1.8794710009999562,1.0226872510004341,0.34497383400002946,1
5488,MUL,10,0.2904654579997441,0.006755583000085608,0.08011320900004648,1
5488,MUL,20,0.6469178329998613,0.39434050099998785,0.30667508300007285,1
5488,MUL,50,1.3106818740000108,0.1105169569998452,0.13537287500003004,1
5488,MUL,100,10.998343875000046,0.31824608399983845,0.22465237600022192,1
5488,SQUARE,5,0.7466550829999505,0.28848966700024903,0.25689662500008126,1
5488,SQUARE,10,0.7191863330001524,0.3847928749999028,0.2988154999998187,1
5488,SQUARE,20,3.0412830000002486,0.7174079179994806,0.8996604569997544,1
5488,SQUARE,50,3.3979548769998473,0.3889272919998348,0.6511983750003765,1
5488,SQUARE,100,2.807498083999917,0.027622249999922133,0.41671295900005134,1
5273,SKIP,5,0.6446087919998718,0.11036845900002845,0.19599633400002858,1
5273,SKIP,10,1.447146459999658,0.9521130829996309,0.3990123749999839,1
5273,SKIP,20,2.08671624800013,0.46990562400014824,0.697444250999979,1
5273,SKIP,50,10.087350000000015,1.2447762509998483,0.887944834000109,1
5273,SKIP,100,31.910284999999476,0.9663209990003452,1.0100896680000915,1
5273,MUL,5,0.6318514589997903,0.10722354000017731,0.1526585410001644,1
5273,MUL,10,1.3562583350003479,0.9256570840000222,0.30544495700041807,1
5273,MUL,20,1.9799073340000177,0.35795966599971507,0.5078520000004119,1
5273,MUL,50,9.547427916999823,1.1786257929993553,0.5764831679998679,1
5273,MUL,100,33.220445459000075,0.8447595420000198,0.7463938729997608,1
5273,SQUARE,5,0.729636500000197,0.6135014990002219,0.3492164149997734,1
5273,SQUARE,10,0.5256283749999966,0.2747017090002828,0.30160733400020945,1
5273,SQUARE,20,0.5410320420000971,0.3954013739999027,0.23071558299989192,1
5273,SQUARE,50,1.731622125000058,0.15957720799997333,0.18564041599961456,1
5273,SQUARE,100,4.591072832999771,0.44202970800051844,0.3508528759998626,1
1613,SKIP,5,6.575910626999985,1.155477706999818,1.011915248999685,1
1613,SKIP,10,0.28076837599996907,0.007370041000058336,0.10150758400004634,1
1613,SKIP,20,0.2608305839999048,0.0,0.06294916699994246,1
1613,SKIP,50,11.71054312299998,0.47807604199942944,0.996452248000196,1
1613,SKIP,100,5.348604332999912,0.3453052510001271,0.30864991799990094,1
1613,MUL,5,6.40603258199917,1.034575999000026,0.7175751669994952,1
1613,MUL,10,0.32521008300000176,0.007720917000142435,0.07969254200020259,1
1613,MUL,20,0.24740158400004475,0.0,0.03819333299998107,1
1613,MUL,50,11.375232873999948,0.5887332489994606,0.8215338760001032,1
1613,MUL,100,5.260269791000155,0.4615874179999082,0.2213159989998985,1
1613,SQUARE,5,0.7280211260001579,0.1895039999999426,0.15216066599987244,1
1613,SQUARE,10,0.24696916700008842,0.0,0.05182333300012942,1
1613,SQUARE,20,0.42078287600020303,0.11888008399978389,0.24153916500040395,1
1613,SQUARE,50,0.5964526249999835,0.0,0.062120832999880804,1
1613,SQUARE,100,9.879268289999573,0.8109238760000608,1.1098065000001043,1
4708,SKIP,5,0.28712545899998076,0.11538604200018199,0.2446493330000976,1
4708,SKIP,10,0.27476466699999946,0.2942956660001528,0.3134678330002316,1
4708,SKIP,20,0.3173612090001825,0.3934156249999887,0.3289193339999201,1
4708,SKIP,50,1.4153773759996966,0.9895607900002688,0.8064060830001836,1
4708,SKIP,100,23.26353025100002,1.1656943760010563,0.8393252100006521,1
4708,MUL,5,0.29253908300006515,0.1138076249999358,0.1266848329998993,1
4708,MUL,10,0.2697202899998956,0.29207554300000993,0.24556174999997893,1
4708,MUL,20,0.32356570800016016,0.2597779589998481,0.3365527920000204,1
4708,MUL,50,1.551541751999821,1.008424333999983,0.6574499170005765,1
4708,MUL,100,24.206961958999955,1.557929622999609,0.5949163749996842,1
4708,SQUARE,5,0.6037179579998337,0.21378629200012256,0.15706437500011816,1
4708,SQUARE,10,0.30944241699990016,0.0067554999998264975,0.09931858299978558,1
4708,SQUARE,20,0.3866985829999976,0.0073374159999275435,0.12476233400025194,1
4708,SQUARE,50,1.6872034559996791,0.8236667079997915,0.6452871660001165,1
4708,SQUARE,100,20.53689270699988,1.384068002000049,1.5240581690004547,1
1470,SKIP,5,1.1879649179995795,0.1947832930000004,0.3417464999999993,1
1470,SKIP,10,0.3359687499998927,0.007106207999868275,0.10122087499985355,1
1470,SKIP,20,2.5763721240002724,0.6059027510000305,0.4662791250000282,1
1470,SKIP,50,2.0042897500002255,0.8210732910001752,0.3817572499999642,1
1470,SKIP,100,2.9193632509998224,0.22314075000008415,0.32430800099996304,1
1470,MUL,5,1.1780434169997989,0.195011709000255,0.16322287400021196,1
1470,MUL,10,0.41033354099999997,0.00600966599995445,0.08857608400012396,1
1470,MUL,20,2.601509375000205,0.4072729569998046,0.41667191499982437,1
1470,MUL,50,1.927376123999693,0.7056477510002424,0.27795291599977645,1
1470,MUL,100,2.897105123999836,0.3615300409999236,0.13903525000000627,1
1470,SQUARE,5,5.741125999000133,1.6321427080004014,0.8738932520000162,1
1470,SQUARE,10,2.0528231260002485,0.631552499999998,0.3611259990002509,1
1470,SQUARE,20,4.205365375999463,0.7200247079997553,0.8897272469994277,1
1470,SQUARE,50,7.01539903999992,0.848358834000237,0.685754124000141,1
1470,SQUARE,100,22.032155998999997,0.9600654179994308,0.9168240460001016,1
8736,SKIP,5,2.713249211000175,1.0881823749998603,0.6846341660002508,1
8736,SKIP,10,0.37915558299982877,0.10709070799998699,0.1548562499997388,1
8736,SKIP,20,0.6283022080001501,0.1495854589998089,0.26226691600004415,1
8736,SKIP,50,7.318147126000667,0.7870903330001511,0.6921026230004372,1
8736,SKIP,100,25.271108001999664,0.7071356660001129,0.5147382499997093,1
8736,MUL,5,2.689681125999641,1.0906943749998845,0.5287289190002866,1
8736,MUL,10,0.37468637599999965,0.10475449999989905,0.12007833200004825,1
8736,MUL,20,0.6001506259999587,0.14668508399995517,0.1759768330002771,1
8736,MUL,50,6.8591095400001905,0.7303543739999441,0.6361416669999471,1
8736,MUL,100,25.505667043999892,0.5682422899999438,0.3639179969995894,1
8736,SQUARE,5,0.3993190420001156,0.048513624999941385,0.10563629200009927,1
8736,SQUARE,10,0.5413705419998678,0.04776566600003207,0.10360233300002619,1
8736,SQUARE,20,0.5971439179998015,0.42398816700006137,0.48775787600015974,1
8736,SQUARE,50,5.025985456999933,0.5115634580008646,0.6924562070003049,1
8736,SQUARE,100,11.999741874000165,0.4709855839998909,0.5006189159996666,1
7418,SKIP,5,0.4465822099998604,0.19387491699990278,0.20511975099975643,1
7418,SKIP,10,2.5123336650003694,1.240949165000302,0.7020170399998733,1
7418,SKIP,20,0.7528639580000345,0.1023843749999287,0.11683654199987359,1
7418,SKIP,50,0.3805905829999574,0.0,0.06308045800005857,1
7418,SKIP,100,35.07990475199995,1.0497007509993637,1.1248787109993827,1
7418,MUL,5,0.4422847079999883,0.1941217910002706,0.1564808749999429,1
7418,MUL,10,2.258599872999639,1.3741716670003825,0.5508724170003916,1
7418,MUL,20,0.6653008750001845,0.10004616600008376,0.07838125100010984,1
7418,MUL,50,0.3706544169999688,0.0,0.04621970900007,1
7418,MUL,100,35.26252554199982,1.0279852490000394,0.8392686639999738,1
7418,SQUARE,5,0.2781498750000537,0.13373258300021007,0.15457466700013356,1
7418,SQUARE,10,0.5825078739999299,0.454958040000065,0.3580432080000264,1
7418,SQUARE,20,0.41265083400026015,0.14119616600009977,0.2428696250003668,1
7418,SQUARE,50,9.924810581999282,1.3716988349997337,1.498607751000236,0
7418,SQUARE,100,2.072359625000445,0.02710987399973419,0.326903583000103,1
4316,SKIP,5,1.081143125999688,0.21902083299983133,0.2518606669998462,1
4316,SKIP,10,3.2433554180006468,0.8025095399998463,0.5494039599996086,1
4316,SKIP,20,0.3927928329999304,0.0,0.06077300000015384,1
4316,SKIP,50,3.177401957999564,0.5427284599998075,0.5529199170000538,1
4316,SKIP,100,51.33406220800066,1.196274997000728,1.360879624000745,0
4316,MUL,5,0.9652410409998993,0.3575394170002255,0.19464787399965644,1
4316,MUL,10,3.1617084579997936,0.801638460000504,0.42796825200002786,1
4316,MUL,20,0.3710879169998407,0.0,0.039504124999893975,1
4316,MUL,50,3.101662749999832,0.6660392100002355,0.3155644170001324,1
4316,MUL,100,52.23649966600033,1.2376386680007272,1.0220410400020228,0
4316,SQUARE,5,8.117200334999325,1.8102591670003676,0.9316688729986708,1
4316,SQUARE,10,0.22190308400013237,0.0,0.05017508300034024,1
4316,SQUARE,20,5.953540874999362,0.9008020859987482,1.0880195819995606,1
4316,SQUARE,50,15.052529084000525,1.765506834999087,1.1917779980008163,0
4316,SQUARE,100,23.539062377000846,1.517540334999012,1.3201250419992903,0
2984,SKIP,5,2.468284207999659,0.7475483760003954,0.4013270430000375,1
2984,SKIP,10,1.2405538759999217,0.4416737920005289,0.24505929200040555,1
2984,SKIP,20,0.3359457079995991,0.006890333999763243,0.12036229200020898,1
2984,SKIP,50,18.065197334999993,1.3477790840001944,1.1578123310000592,1
2984,SKIP,100,21.781103460000395,0.6592657079995661,0.608365208000123,1
2984,MUL,5,2.2964799590008624,0.867220166000152,0.3114441660004559,1
2984,MUL,10,1.1894359150001037,0.32408945799943467,0.19805075199974453,1
2984,MUL,20,0.32917274999954316,0.006652832999861857,0.07886187400026756,1
2984,MUL,50,17.706959498999822,1.3459063739996964,0.8499622079998517,1
2984,MUL,100,22.10525508399951,0.515802167999027,0.3530180839998138,1
2984,SQUARE,5,0.997542042999612,0.3827770010002496,0.2782155840004634,1
2984,SQUARE,10,0.5975077909997708,0.2146214580002379,0.23529270900053234,1
2984,SQUARE,20,1.683015957000407,0.42943358399998033,0.2770092909995583,1
2984,SQUARE,50,0.8301698329996725,0.5395824590000302,0.503623459001119,1
2984,SQUARE,100,4.737368876000346,0.555196251000325,0.353361376000521,1
9319,SKIP,5,0.4631858329998977,0.14528254100014237,0.25195891600105824,1
9319,SKIP,10,0.12658725000028426,0.0,0.05063541699973939,1
9319,SKIP,20,0.8707481249994089,0.12940437700035545,0.42475804200012135,1
9319,SKIP,50,0.9154121660003511,0.32959524999978385,0.31406645800007027,1
9319,SKIP,100,2.931998499999736,0.0,0.06445141599988347,1
9319,MUL,5,0.33559120800009623,0.14335133399981714,0.19964412599938441,1
9319,MUL,10,0.13130391599997893,0.0,0.039782917000138696,1
9319,MUL,20,0.913070334999702,0.1450544590006757,0.2756567090000317,1
9319,MUL,50,0.8769408330008446,0.20272033299988834,0.36721424899997146,1
9319,MUL,100,2.9410576659997787,0.0,0.04765416700001879,1
9319,SQUARE,5,0.46885495699916646,0.34642045699956725,0.20949170899984892,1
9319,SQUARE,10,0.8814977510000972,0.10832870799958982,0.15012549999983094,1
9319,SQUARE,20,0.6285979569997835,0.15649004199940464,0.2454613340000833,1
9319,SQUARE,50,1.2800077499996405,0.19222549999994953,0.18939124899998205,1
9319,SQUARE,100,48.2287876660007,1.554785289999927,1.3616147519996957,0
5759,SKIP,5,0.3723359580003489,0.09887341699959507,0.09766112399984195,1
5759,SKIP,10,0.46479291600007855,0.021642291000716796,0.1980192500004705,1
5759,SKIP,20,0.3597964579998916,0.00710854199996902,0.1232913329999974,1
5759,SKIP,50,2.195832082999914,0.22337033199983125,0.871389917999295,1
5759,SKIP,100,43.411047709000286,1.7069505829999798,1.087659082000755,1
5759,MUL,5,0.3760177490003116,0.09580724999977974,0.0799029579998205,1
5759,MUL,10,0.43750579200013817,0.021015501000420045,0.15737941699990188,1
5759,MUL,20,0.36485366700026134,0.007239749999826017,0.22154170900012105,1
5759,MUL,50,2.154219250999631,0.21632208499977423,0.5512602099988726,1
5759,MUL,100,43.533799873000135,1.4221017099994242,0.7873304589993495,1
5759,SQUARE,5,0.22836845800020455,0.0,0.05558933300017088,1
5759,SQUARE,10,0.21930241600011868,0.0,0.051304582999819104,1
5759,SQUARE,20,1.5207001250000758,0.28757995900014066,0.29922599999963495,1
5759,SQUARE,50,0.7189839580000807,0.4025639999995292,0.25142933399956746,1
5759,SQUARE,100,28.49188058299933,2.2253989579994595,1.1392702119997011,1
8330,SKIP,5,0.31348745799959943,0.09954862499989758,0.09835608299954401,1
8330,SKIP,10,0.19755562499994994,0.0,0.19357145899994066,1
8330,SKIP,20,0.6129232509997564,0.14364904199965167,0.2386650829998871,1
8330,SKIP,50,1.1441550409999763,0.022849916000268422,0.24698924899985286,1
8330,SKIP,100,2.5103087080001387,0.008032208000258834,0.1317785000001095,1
8330,MUL,5,0.3182633339997665,0.24500012499993318,0.0822474580004382,1
8330,MUL,10,0.20541374999993423,0.0,0.039691707999736536,1
8330,MUL,20,0.6135627500007104,0.14609045799988962,0.16017933400007678,1
8330,MUL,50,1.1182077099997514,0.021884249999402527,0.18424379200041585,1
8330,MUL,100,2.6152646659998027,0.0069566249999297725,0.0928985420000572,1
8330,SQUARE,5,13.151665873999264,2.316693708999992,0.9899893770007111,0
8330,SQUARE,10,0.27676324999993085,0.006855459000234987,0.10135349999973187,1
8330,SQUARE,20,0.23504725000066173,0.09737033399960637,0.12213058300039847,1
8330,SQUARE,50,1.571208084000773,0.0641126250002344,0.1884670839995124,1
8330,SQUARE,100,1.6629183750001175,0.0,0.06267437499991502,1
3255,SKIP,5,0.46340833299973383,0.01419591700005185,0.1536799999998948,1
3255,SKIP,10,0.33714774999998554,0.006944541999928333,0.10056608300010339,1
3255,SKIP,20,0.20052112500025032,0.0,0.05999195899994447,1
3255,SKIP,50,3.2194606650000424,0.9354952089993276,0.5546614589998171,1
3255,SKIP,100,48.97331620899877,1.6566757919995325,1.2015169199980846,0
3255,MUL,5,0.45099304200039114,0.012996667000152229,0.11737145900042378,1
3255,MUL,10,0.3171212919996833,0.007440082999892184,0.07948050000004514,1
3255,MUL,20,0.19218845800014606,0.0,0.04141283299986753,1
3255,MUL,50,3.104796209999222,0.7140885400003754,0.687630873001126,1
3255,MUL,100,48.760992582000654,1.7761929989992495,0.8810079579993726,0
3255,SQUARE,5,3.703978541000197,1.1061729180000839,0.5419397079999726,1
3255,SQUARE,10,0.43465079200041146,0.011951124999995955,0.15204575000007026,1
3255,SQUARE,20,0.5557663760000651,0.14576208399967072,0.23852641800021956,1
3255,SQUARE,50,2.8425100820004445,0.32179274999998597,0.3679440840001007,1
3255,SQUARE,100,36.59898600000042,1.5536213750015122,1.2382160820002355,0
1305,SKIP,5,0.7194084170005226,0.5478941669998676,0.296782042999439,1
1305,SKIP,10,0.28523204199973407,0.09352162499999395,0.1050262499998098,1
1305,SKIP,20,0.3610567090004224,0.133825207999962,0.18349758300064423,1
1305,SKIP,50,0.37053287500020815,0.0,0.06126708300007522,1
1305,SKIP,100,2.562801665999814,0.1137628329997824,0.4322231659998579,1
1305,MUL,5,0.7165423349993034,0.40823408100050074,0.3629131669999879,1
1305,MUL,10,0.28079608400003053,0.09577087500019843,0.0785315839998475,1
1305,MUL,20,0.36884025000017573,0.1363861250001719,0.11909491699952923,1
1305,MUL,50,0.36032004199978473,0.0,0.04495425000004616,1
1305,MUL,100,2.5387919169997986,0.11279849899983674,0.22329899999976988,1
1305,SQUARE,5,0.6007274590001543,0.19512250000025233,0.2078605419997075,1
1305,SQUARE,10,0.5907965000001241,0.23224262600024304,0.2695174989999032,1
1305,SQUARE,20,0.3616702079998504,0.0,0.05998516700037726,1
1305,SQUARE,50,16.515983250999398,1.6155767479990573,1.2241150389986615,0
1305,SQUARE,100,1.863559376000012,0.21233779199974379,0.12879591599994455,1
4978,SKIP,5,1.176524291000078,0.27410749900036535,0.2462222069998461,1
4978,SKIP,10,0.3271690829997169,0.08312079100005576,0.09824875000003885,1
4978,SKIP,20,4.816511164999611,1.7265208350004286,0.8229164579988719,1
4978,SKIP,50,3.522320791999391,0.24140362500020274,0.30123133200004304,1
4978,SKIP,100,6.026657666999654,0.10807908399965527,0.1397656660001303,1
4978,MUL,5,1.2000764590006838,0.27090208400022675,0.19013874899974326,1
4978,MUL,10,0.3098936250003135,0.08537012499982666,0.0772520830000758,1
4978,MUL,20,1.9573311250005645,0.48619495899993126,0.3879402929992466,1
4978,MUL,50,3.431752874999802,0.35254383299979963,0.22243183399950794,1
4978,MUL,100,6.05538395900021,0.0817115830000148,0.09083962500017151,1
4978,SQUARE,5,0.5512637510000786,0.27400354100018376,0.2580004569999801,1
4978,SQUARE,10,0.30370912499984115,0.39274779099969237,0.14829945799965571,1
4978,SQUARE,20,0.3020395409998855,0.0,0.0647500410000248,1
4978,SQUARE,50,9.64461316599818,1.009687333000329,1.1878252090009482,0
4978,SQUARE,100,4.727685583000039,0.514202249000391,0.4190261680000731,1
2432,SKIP,5,0.7837842919993818,0.27133512499949575,0.29752516599955925,1
2432,SKIP,10,1.2077171239989184,0.44720141700008753,0.3385703320000175,1
2432,SKIP,20,1.0372401670001636,0.2668457499999022,0.18064516699951128,1
2432,SKIP,50,0.8306609999999637,0.0,0.06160779199990429,1
2432,SKIP,100,22.170360250999693,0.8431203349996395,0.7882708759989328,1
2432,MUL,5,0.6439734999994471,0.26250437499993495,0.2387957899995854,1
2432,MUL,10,1.2945100839997394,0.44046979199993075,0.27095866900071996,1
2432,MUL,20,0.8211114979994818,0.15500137499975608,0.11749729100029072,1
2432,MUL,50,0.8047365000002173,0.0,0.04784699999981967,1
2432,MUL,100,22.611613292000584,0.9482226679997439,0.5718328739990284,1
2432,SQUARE,5,0.4414217909998115,0.06544408300032956,0.1528703330004646,1
2432,SQUARE,10,0.42532941699982985,0.013264208000236977,0.1525820000006206,1
2432,SQUARE,20,0.7691531249997752,0.09693237500005125,0.11814687500009313,1
2432,SQUARE,50,2.9113324969998757,0.5040809160000208,0.6272972510000727,1
2432,SQUARE,100,15.152318791999278,0.8047339990007458,1.2125541249997696,1
6612,SKIP,5,0.24655570899994927,0.0,0.05324566600029357,1
6612,SKIP,10,6.122573375999764,1.5895811269997466,0.7843575809997674,1
6612,SKIP,20,0.44122720700033824,0.1194186660000014,0.2378080830003455,1
6612,SKIP,50,10.802423998999984,1.2852765430002364,0.9039692489986919,1
6612,SKIP,100,11.540983706999668,0.30059925000023213,0.35465295800077,1
6612,MUL,5,0.24777566700004172,0.0,0.03951591700024437,1
6612,MUL,10,6.332388458000878,1.3114087089998065,0.6243184579980152,1
6612,MUL,20,0.42788808299974335,0.11854358400023557,0.15697658399994907,1
6612,MUL,50,10.859059126999455,1.29600733199959,0.5768424589987262,1
6612,MUL,100,12.472063917000014,0.18930295800009844,0.26887808300079996,1
6612,SQUARE,5,10.5069004149982,2.1198476659988046,0.9906841659999372,0
6612,SQUARE,10,5.814999251000245,1.1663019590005206,0.8336195420010881,1
6612,SQUARE,20,0.3274301239998749,0.10482070900025064,0.12271712400024626,1
6612,SQUARE,50,5.174943751000683,1.2063769979995413,0.6738730399988526,1
6612,SQUARE,100,1.8699586679999811,0.2207010420002007,0.1902307499995004,1
8827,SKIP,5,0.3755427500004771,0.013874084000235598,0.15489766700011387,1
8827,SKIP,10,2.114344458000687,0.38995883600091474,0.4516544159996556,1
8827,SKIP,20,3.319731918999878,0.6820839580009306,0.4904316679990188,1
8827,SKIP,50,15.51067717000069,0.885806003000198,0.9110252070004208,1
8827,SKIP,100,51.58151862600016,1.0436821660000533,0.9203574600001048,1
8827,MUL,5,0.3664704160000838,0.01324991699993916,0.11667074999968463,1
8827,MUL,10,2.0366518740001993,0.3736549569998715,0.34306620900042617,1
8827,MUL,20,3.0083715419996224,0.6984134590002213,0.3144015010007024,1
8827,MUL,50,13.170406709999043,0.8132426249994751,0.975502374998996,1
8827,MUL,100,32.216193917000055,0.8505205810001826,0.5391282919986224,1
8827,SQUARE,5,0.47621104200015907,0.09740675000011834,0.09901045799961139,1
8827,SQUARE,10,0.5540673319992493,0.0803520830004345,0.2533123749999504,1
8827,SQUARE,20,0.4325787499992657,0.007993749999968713,0.14020062500003405,1
8827,SQUARE,50,10.299240668000493,1.210634874999414,1.090560249999271,1
8827,SQUARE,100,8.8723966259995,1.1085558730010234,0.6797774580004443,1
7021,SKIP,5,0.39333012499992037,0.21833566700024676,0.23875162399917826,1
7021,SKIP,10,0.2629602899996826,0.1360684169999331,0.14755033300025389,1
7021,SKIP,20,6.7949117480002315,1.6282097099997372,1.1160186240017538,1
7021,SKIP,50,10.676375168999584,1.4734050000010939,1.0467367069995817,1
7021,SKIP,100,33.615722748999815,1.3553002899984676,1.309408254000573,0
7021,MUL,5,0.4102777479993165,0.4034567500002595,0.19029425000007905,1
7021,MUL,10,0.26028812499953347,0.1407614999998259,0.11238179300016782,1
7021,MUL,20,6.4335909170004015,1.7438537919992996,0.7233891270002459,1
7021,MUL,50,10.316066288999991,1.2055604990000575,0.6826891660011825,1
7021,MUL,100,32.37913791599976,1.30185904299924,0.9951576650000789,0
7021,SQUARE,5,0.4574781249998523,0.14817837500004316,0.15093920899971636,1
7021,SQUARE,10,0.4099077910000233,0.049227167000026384,0.09539420800001608,1
7021,SQUARE,20,0.4049983339996288,0.007102957999904902,0.1139827920001153,1
7021,SQUARE,50,5.894184291000329,1.0712039570007619,0.7650240809994102,1
7021,SQUARE,100,18.494509375001144,1.6315292929998577,1.4735182880003777,0
6939,SKIP,5,2.942097580999871,0.8451870829994732,0.53534824999997,1
6939,SKIP,10,5.075508836999688,1.2648478329997488,0.8179425839998657,1
6939,SKIP,20,0.42998587499960195,0.016158667000127025,0.17530262599939306,1
6939,SKIP,50,7.976255209000556,0.7683820009997362,0.9571797089984102,1
6939,SKIP,100,7.783061541000734,0.23728745899961723,0.5206396650000897,1
6939,MUL,5,3.1434059990001515,0.8407425830000648,0.42481829099870083,1
6939,MUL,10,5.057889665999028,1.1513452080021125,0.6502236260002974,1
6939,MUL,20,0.4557065000003604,0.014044749999811756,0.11675083299996913,1
6939,MUL,50,7.747720291000405,1.0058584149996932,0.5180181659989103,1
6939,MUL,100,8.403488333000496,0.4205112079994251,0.34925058299995726,1
6939,SQUARE,5,0.15170004099991274,0.09710816600045291,0.1532022080000388,1
6939,SQUARE,10,4.677294664999408,1.0067412940002214,1.1030484160000924,1
6939,SQUARE,20,0.5157927080003901,0.40142379300095854,0.4508906669998396,1
6939,SQUARE,50,4.309253040999465,1.0132590840007651,0.8115267920015867,1
6939,SQUARE,100,1.8269060419997913,0.019729291999738052,0.19326841700012665,1
1461,SKIP,5,0.5477340420002292,0.3172372079993693,0.195224541999778,1
1461,SKIP,10,0.2100852080002369,0.21474995899961868,0.09590587600041545,1
1461,SKIP,20,0.6673240409995742,0.23577399999976478,0.23489183399988178,1
1461,SKIP,50,6.0072862930001065,1.1611092089988233,0.9074857069990685,1
1461,SKIP,100,9.828281751000759,0.659303916999761,0.5902589999986958,1
1461,MUL,5,0.5442943329999252,0.2532850409997991,0.1504721649998828,1
1461,MUL,10,0.2076675419998537,0.2189537500003098,0.07472187600023972,1
1461,MUL,20,0.627447249999932,0.230730499999936,0.1470121659990582,1
1461,MUL,50,5.925685872999566,1.131722042000547,0.5497743330006415,1
1461,MUL,100,9.584364041999379,0.4886921670004085,0.5338410419999491,1
1461,SQUARE,5,0.7894334990005518,0.18778212500001246,0.1423096260004968,1
1461,SQUARE,10,0.34227904100043816,0.28335950000018784,0.14869004199999836,1
1461,SQUARE,20,0.44605270799957,0.14015283400021872,0.17701304199999868,1
1461,SQUARE,50,0.6801565410000876,0.0,0.06419387500000084,1
1461,SQUARE,100,10.992239543999403,0.9822067909999532,0.9811702100009825,1
8069,SKIP,5,0.33790358399983234,0.014597292000416928,0.1522465849998298,1
8069,SKIP,10,3.960581290999471,1.018050329998914,0.9244472090017553,1
8069,SKIP,20,0.27317033399958746,0.2105472909997843,0.29497079100065093,1
8069,SKIP,50,3.419493459000023,0.36126183299984405,0.35023145800005295,1
8069,SKIP,100,5.336508333999973,0.20213658199963902,0.2927972930001488,1
8069,MUL,5,0.3357840829999077,0.01367804099982095,0.1137712909999209,1
8069,MUL,10,3.8208884620007666,1.1461327470015021,0.7348593759998039,1
8069,MUL,20,0.2535179989995413,0.2026239179995173,0.18812570700038123,1
8069,MUL,50,3.150452082999891,0.34307537599943316,0.3651219590005894,1
8069,MUL,100,5.2553158320001785,0.3366679589994419,0.2132761249995383,1
8069,SQUARE,5,1.5134646690003137,0.8154255409999678,0.4255496239998138,1
8069,SQUARE,10,2.0773972930001037,0.8678362089995062,0.565164291999281,1
8069,SQUARE,20,0.6188935420000234,0.09166908299994247,0.10930020800014972,1
8069,SQUARE,50,0.46129666699971494,0.22377337499983696,0.28817941700026495,1
8069,SQUARE,100,18.298037290999673,1.0014761690008527,1.0381425859991396,1
5288,SKIP,5,0.5189411250003104,0.14673366700026236,0.14280920800001695,1
5288,SKIP,10,3.230266500998823,0.934214372000497,0.5133147899996402,1
5288,SKIP,20,0.553455292000308,0.2260045819998595,0.38062583300006736,1
5288,SKIP,50,1.1124251659989568,0.31890416700025526,0.5109087499999987,1
5288,SKIP,100,6.614045416000408,0.28924804200005383,0.28087200000027224,1
5288,MUL,5,0.5012470000006033,0.14488812499985215,0.11166275000005044,1
5288,MUL,10,3.3563488359991425,0.8305809179987591,0.4114751649990467,1
5288,MUL,20,0.6149440019994472,0.36116966700001285,0.22738083299964273,1
5288,MUL,50,1.0503647920004369,0.3147821680013294,0.3004265829999895,1
5288,MUL,100,6.830601624000792,0.2881059159999495,0.20809500099994693,1
5288,SQUARE,5,1.180781541000215,0.21439758300039102,0.25397491700096,1
5288,SQUARE,10,0.3454416670001592,0.1308645419999266,0.14323129200010953,1
5288,SQUARE,20,0.40929250000044703,0.10190795800008345,0.17135404300006485,1
5288,SQUARE,50,0.5052670839995699,0.007848124999782158,0.12542137499985984,1
5288,SQUARE,100,10.6217787519995,0.5126567510001223,0.4017141670001365,1
1730,SKIP,5,0.1631101249990934,0.23337549999996554,0.1949638759992922,1
1730,SKIP,10,0.470351459000085,0.1097888750000493,0.1909963749999406,1
1730,SKIP,20,1.9493637089999538,0.5954776249991482,0.3995686260000184,1
1730,SKIP,50,0.38435300000037387,0.0,0.05890545900001598,1
1730,SKIP,100,6.3632185829987975,0.6819182910007839,0.9259902910002893,1
1730,MUL,5,0.15523829199992178,0.2230930000000626,0.14395508299958237,1
1730,MUL,10,0.4102020420000372,0.10475983300011649,0.1491759179998553,1
1730,MUL,20,1.9760905420002928,0.6964582939999673,0.2630870420002793,1
1730,MUL,50,0.38278375000027154,0.0,0.045118999999886,1
1730,MUL,100,6.078688919000342,0.5407126269997207,0.5588269580002816,1
1730,SQUARE,5,1.3285664590002852,0.5804424999996627,0.2818588760005696,1
1730,SQUARE,10,0.4093355830004839,0.23829345799913426,0.24495841399993878,1
1730,SQUARE,20,0.8657880010009649,0.32760129300004337,0.4248009180009831,1
1730,SQUARE,50,2.016031041000133,0.6458955420002894,0.4040628749994539,1
1730,SQUARE,100,17.865563168000335,1.095595334000791,0.8032386670006417,1
2512,SKIP,5,0.44444895800006634,0.13255449999996927,0.1451485830002639,1
2512,SKIP,10,0.475155041999642,0.11732775000018592,0.2855062079997879,1
2512,SKIP,20,2.305188210000779,0.8744512939997549,0.7001417510005012,1
2512,SKIP,50,0.7235430000000633,0.0,0.05891270899974188,1
2512,SKIP,100,24.54508099800023,1.613357667999935,1.2887958339997567,0
2512,MUL,5,0.48920404200043777,0.13322362600001725,0.11605066699939925,1
2512,MUL,10,0.46599812399972507,0.11839104099999531,0.2262865820002844,1
2512,MUL,20,2.2127996690005602,1.0112407920000805,0.37466674999950556,1
2512,MUL,50,0.6577617919997465,0.0,0.042418666999765264,1
2512,MUL,100,23.493933878000462,1.5541556249972928,0.8443973769990407,0
2512,SQUARE,5,1.23969362599928,0.2537722079987361,0.20804812500136904,1
2512,SQUARE,10,0.6386383329991077,0.21205162499973085,0.16045375100020465,1
2512,SQUARE,20,0.5037462509990291,0.14122695900005056,0.23969887500061304,1
2512,SQUARE,50,13.440661042998727,1.609944960003304,1.0419650000003458,1
2512,SQUARE,100,24.748381251000865,1.5418247929992503,0.948069709000265,1
7306,SKIP,5,0.5086630419991707,0.013728208000429731,0.14870449999853008,1
7306,SKIP,10,0.28226025000003574,0.0,0.05120725000051607,1
7306,SKIP,20,4.651204415998109,1.1833986270003152,0.8110912510010166,1
7306,SKIP,50,16.287029458999314,1.0387339990002147,0.9393993739986399,1
7306,SKIP,100,6.318923291000829,0.9483193750011196,0.5746421669982738,1
7306,MUL,5,0.4948046669996984,0.013936667000962188,0.11890691699954914,1
7306,MUL,10,0.2777167499998541,0.0,0.039547291999951995,1
7306,MUL,20,4.611207540001487,1.0901972480014592,0.683713915998851,1
7306,MUL,50,15.89246337500117,1.0524240830000053,0.6952925399982632,1
7306,MUL,100,6.563294709000729,0.9764370429975315,0.4147620810008448,1
7306,SQUARE,5,0.5069473340008699,0.14050420800049324,0.15173712499927205,1
7306,SQUARE,10,0.946716626000125,0.4752670819989362,0.9830322919988248,0
7306,SQUARE,20,0.30222108399993886,0.0,0.05818083400026808,1
7306,SQUARE,50,20.26336474799973,1.458651207000912,1.1524699999999939,0
7306,SQUARE,100,28.797864751000816,1.622729750999497,1.1583969989969773,0
7216,SKIP,5,0.2660493330004101,0.005407208999713475,0.0996553330005554,1
7216,SKIP,10,0.5297495839986368,0.23190154199983226,0.14116108299913321,1
7216,SKIP,20,0.5651672509993659,0.21090833299967926,0.22583154099993408,1
7216,SKIP,50,12.66460453900163,1.2381595019987799,1.1002446249976856,1
7216,SKIP,100,21.387402874000145,0.5343322500002614,0.5853424150000137,1
7216,MUL,5,0.2662804159999723,0.005379250000260072,0.07664412499980244,1
7216,MUL,10,0.511262791000263,0.22897079100039264,0.11246987499998795,1
7216,MUL,20,0.5504447919993254,0.3471779580004295,0.14915891800046666,1
7216,MUL,50,12.389613957002439,1.1094552489994385,0.9406795409959159,1
7216,MUL,100,21.20017195699893,0.4997429579998425,0.5474038320016916,1
7216,SQUARE,5,0.22712179199970706,0.0,0.05284908299927338,1
7216,SQUARE,10,0.26385129200025403,0.0068159580005158205,0.09457316600037302,1
7216,SQUARE,20,0.3129632930003936,0.0072236249998240964,0.1164811250009734,1
7216,SQUARE,50,0.6432000419999895,0.0072898329999588896,0.11635733399998571,1
7216,SQUARE,100,13.370305916999314,0.849866542998825,0.5782490009987669,1
9522,SKIP,5,5.858830330001183,1.4472950830004265,0.9408912069984581,0
9522,SKIP,10,3.8939480850003747,1.2505298330006553,0.8982727089996843,1
9522,SKIP,20,3.0385348340005294,0.9329808739994405,0.6260697099987738,1
9522,SKIP,50,6.656698792000498,0.749715457001912,0.6432381240001632,1
9522,SKIP,100,20.029701458999625,1.1022353719999956,0.9130860400027814,1
9522,MUL,5,5.963453289997233,1.172865790999822,0.8552442499994868,0
9522,MUL,10,3.9271800830001666,1.1290122940017682,0.8143171649990109,1
9522,MUL,20,2.924234083999181,0.9401580030007608,0.5663372489980247,1
9522,MUL,50,6.631027001000803,0.5377329169996301,0.7016177920022528,1
9522,MUL,100,20.043129749999025,0.8603902500008189,0.95862633500019,1
9522,SQUARE,5,0.2985788740006683,0.10320033300013165,0.0941212079997058,1
9522,SQUARE,10,0.35143770899958326,0.3560869160000948,0.1425904999996419,1
9522,SQUARE,20,5.722809040001266,1.3357413329995325,1.150126249001005,0
9522,SQUARE,50,7.266253749998214,1.4878105840007265,1.1609590429998207,0
9522,SQUARE,100,9.822632790999705,0.5217313759994795,0.7516229589982686,1
9971,SKIP,5,2.4512202090018036,0.6312632090020998,0.3777277920007691,1
9971,SKIP,10,0.4344912899996416,0.17313266599921917,0.14414554299946758,1
9971,SKIP,20,0.5917459180009246,0.18677808299980825,0.16672304100029578,1
9971,SKIP,50,0.7935968760002652,0.013847166000232392,0.17547066699989955,1
9971,SKIP,100,52.631852665001134,2.1308026280003105,1.116337293999095,0
9971,MUL,5,2.311075919000359,0.7747225420007453,0.2996918730004836,1
9971,MUL,10,0.4176407499999186,0.06547587400018529,0.11611187499966036,1
9971,MUL,20,0.5897140839988424,0.18908249999913096,0.11319916700085741,1
9971,MUL,50,0.7771722489987951,0.013464375000694417,0.13109949999852688,1
9971,MUL,100,51.007364915001745,1.6028576230000908,0.9620682079967082,0
9971,SQUARE,5,1.7661622520008677,0.3051696650009035,0.3354157910016511,1
9971,SQUARE,10,6.843206250997355,1.294219540002814,0.9506234180007596,0
9971,SQUARE,20,1.7086287089996404,0.5313279170004535,0.34065724999982194,1
9971,SQUARE,50,0.6289600420004717,0.0992267500005255,0.1761140009994051,1
9971,SQUARE,100,1.3656799589989532,0.09881683300045552,0.17015862399966863,1
6184,SKIP,5,0.438791499999752,0.05065812500015454,0.09642237499974726,1
6184,SKIP,10,0.47208895800031314,0.09627879100025893,0.09518254200065712,1
6184,SKIP,20,2.4577773339997293,0.4495848729993668,0.34830362499906187,1
6184,SKIP,50,11.41864708400044,0.88903408600072,1.190214998000556,1
6184,SKIP,100,14.329283582999778,1.0844706669995503,0.5122407099997872,1
6184,MUL,5,0.4302357500000653,0.049771250000048894,0.0726864160005789,1
6184,MUL,10,0.43449929100006557,0.09110324999983277,0.07501579099971423,1
6184,MUL,20,2.157122207001521,0.4292693749994214,0.34078395800042927,1
6184,MUL,50,10.658415833001527,1.1315587909994065,0.6772395859979952,1
6184,MUL,100,14.992312125000353,0.984906792997208,0.4742871259995809,1
6184,SQUARE,5,0.6929740840005252,0.43693287599944597,0.19548275000033755,1
6184,SQUARE,10,1.4065225429976635,0.5641227920004894,0.523323750997406,1
6184,SQUARE,20,2.45011500200053,0.6530159999992975,0.521937082000477,1
6184,SQUARE,50,7.633694749001734,0.8713658329997997,0.7976067910003621,1
6184,SQUARE,100,13.84770971099897,1.3683220409984642,1.1355113710014848,1
2039,SKIP,5,0.5488228330004858,0.013929042000199843,0.1560581669991734,1
2039,SKIP,10,7.766348289998859,1.4432187479987988,3.7265799990018422,1
2039,SKIP,20,0.8480795409996063,0.1218845829989732,0.17759737499818584,1
2039,SKIP,50,0.660177124999791,0.0,0.18773808299920347,1
2039,SKIP,100,30.64901271100007,1.0712959169995884,0.7719968749988766,1
2039,MUL,5,0.5326772090002123,0.012844416000007186,0.11301670899956662,1
2039,MUL,10,5.124451706999935,1.4838576659976752,0.638533667000047,1
2039,MUL,20,0.7826747500002966,0.10447191799994471,0.10975958299968624,1
2039,MUL,50,0.6425738340003591,0.0,0.04221070800031157,1
2039,MUL,100,29.74105054100164,1.4994681670023056,0.5417069179993632,1
2039,SQUARE,5,0.5196548340009031,0.10750554199967155,0.14738866699917708,1
2039,SQUARE,10,0.5938344159994813,0.49060541600010765,0.18826849999913975,1
2039,SQUARE,20,0.5114969159994871,0.24007283299943083,0.2927798749997237,1
2039,SQUARE,50,3.7272919170000023,0.7829842079981972,0.6293194139989282,1
2039,SQUARE,100,13.192586667000796,0.8596988740009692,0.5892554169986397,1
5111,SKIP,5,1.3993986670002414,0.3546359170004507,0.2905092489991148,1
5111,SKIP,10,0.349861331998909,0.2033440420000261,0.22752941599992482,1
5111,SKIP,20,0.5773269149985936,0.2900195000011081,0.4154204590004156,1
5111,SKIP,50,9.512806790001378,1.5212552880002477,1.087785458997132,1
5111,SKIP,100,20.363743416000034,0.6941819169987866,0.5905659570007629,1
5111,MUL,5,1.4143257059995449,0.23540899899944634,0.22225129199796356,1
5111,MUL,10,0.3343871679981021,0.30341870799929893,0.1518534169999839,1
5111,MUL,20,0.530230331999519,0.28353583400075877,0.1834822909986542,1
5111,MUL,50,9.234656127001472,1.6495277499998338,1.0021704999981011,1
5111,MUL,100,20.902037207999456,0.559445459998642,0.45040437300031044,1
5111,SQUARE,5,0.419859625000754,0.05770229100016877,0.1044546260000061,1
5111,SQUARE,10,0.5760184170003413,0.10842412500005594,0.15712004099987098,1
5111,SQUARE,20,0.6422119159997237,0.10335370799930388,0.17239204100042116,1
5111,SQUARE,50,6.720574457999646,1.6371966670012625,1.0261961260021053,1
5111,SQUARE,100,1.8621223730006022,0.1663262100009888,0.47660229000121035,1
5213,SKIP,5,0.3108810829999129,0.007234749999952328,0.10277520900035597,1
5213,SKIP,10,0.4382075009998516,0.10650737499963725,0.13657050000074378,1
5213,SKIP,20,0.337561208999432,0.0073351250002815505,0.1359790830001657,1
5213,SKIP,50,13.721524499997031,0.9280452479988526,0.9947989999991478,1
5213,SKIP,100,2.315229749999162,0.0,0.0691990840005019,1
5213,MUL,5,0.3098053339999751,0.007135249999919324,0.22662279199903423,1
5213,MUL,10,0.40564325000013923,0.1005839579993335,0.33675270799994905,1
5213,MUL,20,0.31613095900047483,0.0076872500003446476,0.08071837500028778,1
5213,MUL,50,14.268033583001852,0.8463743760012221,0.6426644169987412,1
5213,MUL,100,1.9449557499992807,0.0,0.04688762499972654,1
5213,SQUARE,5,0.5348529990005773,0.06300487600037741,0.15491945699977805,1
5213,SQUARE,10,0.9153035819999786,0.47578004200113355,0.2647206649999134,1
5213,SQUARE,20,0.46260829200036824,0.12064879099943937,0.2424054570010412,1
5213,SQUARE,50,8.349189583001134,2.554925914998421,1.3201263319970167,1
5213,SQUARE,100,7.155374249999113,0.5401487059998544,0.5239340839989381,1
2177,SKIP,5,0.23257795800054737,0.0,0.051313291999576904,1
2177,SKIP,10,0.24936037600036798,0.3618423750003785,0.24667437499920197,1
2177,SKIP,20,10.02773267199882,1.2837338370009093,1.4479517049994683,0
2177,SKIP,50,5.31003970799793,0.7075356239984103,0.954789666002398,1
2177,SKIP,100,26.553587497999615,0.5939037509997434,1.060614878000706,1
2177,MUL,5,0.25300391699965985,0.0,0.03880316699996911,1
2177,MUL,10,0.23397133399976155,0.10539112500009651,0.11692804200083629,1
2177,MUL,20,10.084910955998566,1.5340779150001254,0.7803627500024959,0
2177,MUL,50,5.3596477920000325,0.829701790999934,0.49856616600027337,1
2177,MUL,100,28.148479542000132,0.5928058749987031,0.7417526250001174,1
2177,SQUARE,5,0.3379284579996238,0.006022708000273269,0.10857770700022229,1
2177,SQUARE,10,6.280114541998955,1.0727273350030373,1.0406301659986639,1
2177,SQUARE,20,0.3669001250000292,0.01570999900013703,0.34033041699967725,1
2177,SQUARE,50,5.062804293002046,0.7269982079997135,0.8520028780012581,1
2177,SQUARE,100,2.3361335849995157,0.218344251000417,0.4884561239996401,1
7594,SKIP,5,0.3028251249997993,0.09719916700032627,0.09879487499983952,1
7594,SKIP,10,0.3301081260005958,0.10678062599981786,0.14714129099957063,1
7594,SKIP,20,1.3220748310013732,0.5148087489988029,0.40040958400004456,1
7594,SKIP,50,15.941680999001619,0.7082264569999097,1.2154090829999404,0
7594,SKIP,100,22.93019553799968,1.3221101670014832,1.3790556659996582,1
7594,MUL,5,0.2903376250005749,0.09375283299959847,0.07635937499981083,1
7594,MUL,10,0.30923724999956903,0.10095337599977938,0.11883554199903301,1
7594,MUL,20,1.2594100830028765,0.5155835830009892,0.26701537700046174,1
7594,MUL,50,14.316473169998972,0.5663027059981687,1.0341359610019936,0
7594,MUL,100,22.120762171001843,1.0946367919987097,0.8909550019980088,1
7594,SQUARE,5,0.44401816799927474,0.18967545900068217,0.25426333300038095,1
7594,SQUARE,10,0.6913006240001778,0.04411145799986116,0.10355641699970874,1
7594,SQUARE,20,0.38238929100134555,0.11219695799991314,0.23668350099978852,1
7594,SQUARE,50,7.1280286659984995,1.7781438749998415,1.2007872500016674,0
7594,SQUARE,100,1.4479432509997423,0.11028779099979147,0.4049982489996182,1
8114,SKIP,5,0.34069629200075724,0.11195570799918642,0.14703637500042532,1
8114,SKIP,10,0.3904360420001467,0.3251319160008279,0.2466424160020324,1
8114,SKIP,20,0.5127676259999134,0.10352662500008591,0.11283520899996802,1
8114,SKIP,50,0.6640856250005527,0.0,0.05917795799996384,1
8114,SKIP,100,1.849586750000526,0.1442242500006614,0.1841018749992145,1
8114,MUL,5,0.35425158199996076,0.10877637499925186,0.11461029200108896,1
8114,MUL,10,0.38163954300125624,0.4740376660001857,0.1912997079998604,1
8114,MUL,20,0.5371315419988605,0.11624866599959205,0.07757987399872945,1
8114,MUL,50,0.7111527079996449,0.0,0.04335770899979252,1
8114,MUL,100,1.8048041660003946,0.2794064179997804,0.12956825000128447,1
8114,SQUARE,5,6.1939647110002625,1.2965461690000666,0.9663637100029518,0
8114,SQUARE,10,7.3394521269974575,1.8725969999995868,0.8504181649996099,1
8114,SQUARE,20,6.482638418999159,1.2761125009974421,1.1128083359990342,1
8114,SQUARE,50,0.6669548319996466,0.2330679999995482,0.23620629100059887,1
8114,SQUARE,100,14.025671458001852,0.9074849149983493,0.8701894999994693,1
5786,SKIP,5,0.3849003349996565,0.31708324899955187,0.24215787699995417,1
5786,SKIP,10,0.1869656250000844,0.0,0.05123683300007542,1
5786,SKIP,20,0.8741563329995188,0.4286045419985385,0.3944445419983822,1
5786,SKIP,50,12.153321333002168,0.9817808309971952,1.1609018719982487,1
5786,SKIP,100,1.8012062910001987,0.007004541999776848,0.11899133299903042,1
5786,MUL,5,0.36843095800031733,0.2008559569994759,0.18888991700077895,1
5786,MUL,10,0.18745362499976181,0.0,0.03768816699994204,1
5786,MUL,20,1.011187876000804,0.5385405410015665,0.3297544589995596,1
5786,MUL,50,12.253902084000401,1.1933656239980337,0.7728011669996704,1
5786,MUL,100,1.7370383340003173,0.006603415999961726,0.2274925000001531,1
5786,SQUARE,5,0.46732466599951294,0.09641966600065643,0.14823350100050448,1
5786,SQUARE,10,0.5388497920012014,0.06594870799926866,0.1979125429998021,1
5786,SQUARE,20,0.3297264170005292,0.0,0.061189500000182306,1
5786,SQUARE,50,6.443644122997284,1.8044794140014346,1.1480805010014592,0
5786,SQUARE,100,15.036429334999411,1.6615071659971363,1.5280952909988628,0
8606,SKIP,5,1.157704041001125,0.2943627500008006,0.19215566699949704,1
8606,SKIP,10,0.4370428330003051,0.10994054200000392,0.1437043320001976,1
8606,SKIP,20,4.2079919989982955,0.5716842919991905,0.7380798329995741,1
8606,SKIP,50,0.6898836250002205,0.006856500000139931,0.11611720900054934,1
8606,SKIP,100,6.297423084000002,0.6760145830012334,0.7398601240010976,1
8606,MUL,5,1.2564342499999839,0.28861341700030607,0.14419604199883906,1
8606,MUL,10,0.4230645409998033,0.10449966699979996,0.11462974999994913,1
8606,MUL,20,4.154475540999556,0.40909150099923863,0.4491041219980616,1
8606,MUL,50,0.6788648749998174,0.00704970799961302,0.09540162499979488,1
8606,MUL,100,6.168271831998027,0.7897337080012221,0.42123358300068503,1
8606,SQUARE,5,2.2499981239998306,0.7891675419996318,0.45552020799914317,1
8606,SQUARE,10,0.4577250010006537,0.27355283299948496,0.28480724999917584,1
8606,SQUARE,20,0.38455079099912837,0.10388849999981176,0.2995741670001735,1
8606,SQUARE,50,6.0930347080011416,0.8004805019991181,0.8281692089976787,1
8606,SQUARE,100,25.386988832000497,1.8564658739996958,1.1458361239974693,0
6320,SKIP,5,1.2894157489999998,0.2776892920001046,0.23490504100027465,1
6320,SKIP,10,3.585995582002397,1.2691511240009277,0.6836326660013583,1
6320,SKIP,20,0.4435159159993418,0.02074258400079998,0.23119545899953664,1
6320,SKIP,50,1.2811579580020407,0.42566808399988076,0.28893600099854666,1
6320,SKIP,100,19.63975578999907,1.3961044159996163,0.9854412500008038,1
6320,MUL,5,1.2736014169995542,0.2710832909997407,0.18488658299975214,1
6320,MUL,10,3.440384083000936,1.355291083001248,0.5331082890006655,1
6320,MUL,20,0.48302404199966986,0.02332966700032557,0.2965544589987985,1
6320,MUL,50,1.266084707999653,0.2981597919997512,0.2132094179987689,1
6320,MUL,100,19.950595665000037,1.4565908320018934,0.9052225419991373,1
6320,SQUARE,5,0.5188344170001074,0.051743874999374384,0.10597079100080009,1
6320,SQUARE,10,0.8429310000001351,0.1456335000002582,0.1434172920007768,1
6320,SQUARE,20,3.4442487090000213,0.6015530830018179,0.813311750000139,1
6320,SQUARE,50,2.1858549170001424,0.4064743750004709,0.5506545000007463,1
6320,SQUARE,100,2.127339958000448,0.4372653750015161,0.41638220799904957,1
7628,SKIP,5,0.3340337500012538,0.33554054199976235,0.14274133399976563,1
7628,SKIP,10,0.3235791679999238,0.11774624999998196,0.09690379200037569,1
7628,SKIP,20,2.3469362509995335,0.6521820420011863,0.449552168000082,1
7628,SKIP,50,0.7366992920005941,0.0,0.060829249999187596,1
7628,SKIP,100,38.967877541001144,1.0665892920005717,1.06595791700056,1
7628,MUL,5,0.34483375100080593,0.22376608299964573,0.31355729100050667,1
7628,MUL,10,0.4055421260000003,0.12997258300038084,0.07772683399980451,1
7628,MUL,20,2.5089321660007045,0.9792604590002156,0.32742387400139705,1
7628,MUL,50,0.7312205419993916,0.0,0.049415583000154584,1
7628,MUL,100,38.7964817510001,1.1177733729991814,0.8061656239979129,1
7628,SQUARE,5,1.7450381660000858,0.831062875000498,0.41443404099845793,1
7628,SQUARE,10,0.3946561249995284,0.3965020410005309,0.24761091900018073,1
7628,SQUARE,20,5.526798916000189,1.1364604160016825,1.0042025429993373,1
7628,SQUARE,50,12.199977209999815,1.9468267070014917,1.263596957000118,0
7628,SQUARE,100,18.31125204199907,1.1650315009974292,1.1021945420015982,1
